{"easy": null, "medium": 11.848661661148071, "hard": 232.9984438419342}